"date_time","value"
"03/09/2018 00:00:00","36.48"
"02/09/2018 23:30:00","34.75"
"02/09/2018 23:00:00","29.33"
"02/09/2018 22:30:00","29.6"
"02/09/2018 22:00:00","31.17"
"02/09/2018 21:30:00","30.18"
"02/09/2018 21:00:00","33.38"
"02/09/2018 20:30:00","30.2"
"02/09/2018 20:00:00","34.74"
"02/09/2018 19:30:00","31.01"
"02/09/2018 19:00:00","26.13"
"02/09/2018 18:30:00","26.29"
"02/09/2018 18:00:00","33.05"
"02/09/2018 17:30:00","31.37"
"02/09/2018 17:00:00","31.17"
"02/09/2018 16:30:00","30.28"
"02/09/2018 16:00:00","31.23"
"02/09/2018 15:30:00","26.6"
"02/09/2018 15:00:00","27.64"
"02/09/2018 14:30:00","25.6"
"02/09/2018 14:00:00","25.75"
"02/09/2018 13:30:00","27.46"
"02/09/2018 13:00:00","28.59"
"02/09/2018 12:30:00","29.38"
"02/09/2018 12:00:00","40.98"
"02/09/2018 11:30:00","36.63"
"02/09/2018 11:00:00","29.51"
"02/09/2018 10:30:00","27.74"
"02/09/2018 10:00:00","28.48"
"02/09/2018 09:30:00","27.79"
"02/09/2018 09:00:00","29.05"
"02/09/2018 08:30:00","28.11"
"02/09/2018 08:00:00","33.57"
"02/09/2018 07:30:00","31.72"
"02/09/2018 07:00:00","30.61"
"02/09/2018 06:30:00","32.3"
"02/09/2018 06:00:00","28.56"
"02/09/2018 05:30:00","30.47"
"02/09/2018 05:00:00","30.57"
"02/09/2018 04:30:00","29.99"
"02/09/2018 04:00:00","30.57"
"02/09/2018 03:30:00","26.02"
"02/09/2018 03:00:00","33.86"
"02/09/2018 02:30:00","38.31"
"02/09/2018 02:00:00","37.48"
"02/09/2018 01:30:00","34.76"
"02/09/2018 01:00:00","31.44"
"02/09/2018 00:30:00","28.87"
"02/09/2018 00:00:00","35.17"
"01/09/2018 23:30:00","34.5"
"01/09/2018 23:00:00","30.04"
"01/09/2018 22:30:00","24.05"
"01/09/2018 22:00:00","26.98"
"01/09/2018 21:30:00","32.48"
"01/09/2018 21:00:00","30.72"
"01/09/2018 20:30:00","29.04"
"01/09/2018 20:00:00","33.17"
"01/09/2018 19:30:00","27.13"
"01/09/2018 19:00:00","24.21"
"01/09/2018 18:30:00","30.58"
"01/09/2018 18:00:00","31.93"
"01/09/2018 17:30:00","29.37"
"01/09/2018 17:00:00","31.01"
"01/09/2018 16:30:00","25.3"
"01/09/2018 16:00:00","35.17"
"01/09/2018 15:30:00","30.16"
"01/09/2018 15:00:00","29.28"
"01/09/2018 14:30:00","28.76"
"01/09/2018 14:00:00","29.08"
"01/09/2018 13:30:00","29.01"
"01/09/2018 13:00:00","29.31"
"01/09/2018 12:30:00","31.31"
"01/09/2018 12:00:00","37.29"
"01/09/2018 11:30:00","33.75"
"01/09/2018 11:00:00","31.09"
"01/09/2018 10:30:00","35.28"
"01/09/2018 10:00:00","33.39"
"01/09/2018 09:30:00","33.18"
"01/09/2018 09:00:00","34.09"
"01/09/2018 08:30:00","32.68"
"01/09/2018 08:00:00","33.59"
"01/09/2018 07:30:00","22.98"
"01/09/2018 07:00:00","23.19"
"01/09/2018 06:30:00","23.55"
"01/09/2018 06:00:00","23.84"
"01/09/2018 05:30:00","26.93"
"01/09/2018 05:00:00","26.9"
"01/09/2018 04:30:00","26.03"
"01/09/2018 04:00:00","28.77"
"01/09/2018 03:30:00","31.61"
"01/09/2018 03:00:00","36.72"
"01/09/2018 02:30:00","35.17"
"01/09/2018 02:00:00","39.07"
"01/09/2018 01:30:00","41.01"
"01/09/2018 01:00:00","39.5"
"01/09/2018 00:30:00","36.34"
"01/09/2018 00:00:00","36.81"
"31/08/2018 23:30:00","37.64"
"31/08/2018 23:00:00","37.98"
"31/08/2018 22:30:00","31.22"
"31/08/2018 22:00:00","29.44"
"31/08/2018 21:30:00","26.33"
"31/08/2018 21:00:00","33.12"
"31/08/2018 20:30:00","28.63"
"31/08/2018 20:00:00","27.55"
"31/08/2018 19:30:00","29.77"
"31/08/2018 19:00:00","25.69"
"31/08/2018 18:30:00","28.72"
"31/08/2018 18:00:00","26"
"31/08/2018 17:30:00","26.43"
"31/08/2018 17:00:00","30.23"
"31/08/2018 16:30:00","33.52"
"31/08/2018 16:00:00","31.07"
"31/08/2018 15:30:00","34.11"
"31/08/2018 15:00:00","29.94"
"31/08/2018 14:30:00","34.66"
"31/08/2018 14:00:00","34.51"
"31/08/2018 13:30:00","40.72"
"31/08/2018 13:00:00","38.04"
"31/08/2018 12:30:00","36.48"
"31/08/2018 12:00:00","39.78"
"31/08/2018 11:30:00","34.8"
"31/08/2018 11:00:00","32.1"
"31/08/2018 10:30:00","39.2"
"31/08/2018 10:00:00","47.59"
"31/08/2018 09:30:00","42.49"
"31/08/2018 09:00:00","46.59"
"31/08/2018 08:30:00","44.69"
"31/08/2018 08:00:00","37.86"
"31/08/2018 07:30:00","34.1"
"31/08/2018 07:00:00","37.18"
"31/08/2018 06:30:00","33.6"
"31/08/2018 06:00:00","31.86"
"31/08/2018 05:30:00","27.08"
"31/08/2018 05:00:00","29.42"
"31/08/2018 04:30:00","28.66"
"31/08/2018 04:00:00","29.24"
"31/08/2018 03:30:00","24.56"
"31/08/2018 03:00:00","32.18"
"31/08/2018 02:30:00","26.15"
"31/08/2018 02:00:00","28.87"
"31/08/2018 01:30:00","29.08"
"31/08/2018 01:00:00","31.04"
"31/08/2018 00:30:00","25.28"
"31/08/2018 00:00:00","31.06"
"30/08/2018 23:30:00","29.79"
"30/08/2018 23:00:00","31.01"
"30/08/2018 22:30:00","28.01"
"30/08/2018 22:00:00","30.29"
"30/08/2018 21:30:00","32.65"
"30/08/2018 21:00:00","30.95"
"30/08/2018 20:30:00","29.65"
"30/08/2018 20:00:00","29.04"
"30/08/2018 19:30:00","32.86"
"30/08/2018 19:00:00","29.08"
"30/08/2018 18:30:00","31.39"
"30/08/2018 18:00:00","30.85"
"30/08/2018 17:30:00","32.44"
"30/08/2018 17:00:00","29.36"
"30/08/2018 16:30:00","27.51"
"30/08/2018 16:00:00","30.57"
"30/08/2018 15:30:00","29.9"
"30/08/2018 15:00:00","32.68"
"30/08/2018 14:30:00","36.5"
"30/08/2018 14:00:00","32.99"
"30/08/2018 13:30:00","30.49"
"30/08/2018 13:00:00","32.11"
"30/08/2018 12:30:00","30.49"
"30/08/2018 12:00:00","38.11"
"30/08/2018 11:30:00","39.76"
"30/08/2018 11:00:00","36.25"
"30/08/2018 10:30:00","42.98"
"30/08/2018 10:00:00","42.29"
"30/08/2018 09:30:00","38.44"
"30/08/2018 09:00:00","39.9"
"30/08/2018 08:30:00","39.46"
"30/08/2018 08:00:00","37.09"
"30/08/2018 07:30:00","34.92"
"30/08/2018 07:00:00","34.24"
"30/08/2018 06:30:00","31.51"
"30/08/2018 06:00:00","29.04"
"30/08/2018 05:30:00","26.98"
"30/08/2018 05:00:00","28.37"
"30/08/2018 04:30:00","29.14"
"30/08/2018 04:00:00","25.96"
"30/08/2018 03:30:00","27.61"
"30/08/2018 03:00:00","33.96"
"30/08/2018 02:30:00","24.12"
"30/08/2018 02:00:00","26.35"
"30/08/2018 01:30:00","25.59"
"30/08/2018 01:00:00","28.18"
"30/08/2018 00:30:00","27.71"
"30/08/2018 00:00:00","31.42"
"29/08/2018 23:30:00","26.93"
"29/08/2018 23:00:00","30.34"
"29/08/2018 22:30:00","26.87"
"29/08/2018 22:00:00","26.74"
"29/08/2018 21:30:00","32.07"
"29/08/2018 21:00:00","26.77"
"29/08/2018 20:30:00","23.42"
"29/08/2018 20:00:00","24.09"
"29/08/2018 19:30:00","28.77"
"29/08/2018 19:00:00","26.3"
"29/08/2018 18:30:00","27.7"
"29/08/2018 18:00:00","27.27"
"29/08/2018 17:30:00","29.74"
"29/08/2018 17:00:00","34"
"29/08/2018 16:30:00","39.89"
"29/08/2018 16:00:00","36.23"
"29/08/2018 15:30:00","32.47"
"29/08/2018 15:00:00","34.73"
"29/08/2018 14:30:00","39.47"
"29/08/2018 14:00:00","30.21"
"29/08/2018 13:30:00","35.3"
"29/08/2018 13:00:00","35.27"
"29/08/2018 12:30:00","36.37"
"29/08/2018 12:00:00","32.1"
"29/08/2018 11:30:00","37.76"
"29/08/2018 11:00:00","32.08"
"29/08/2018 10:30:00","34.52"
"29/08/2018 10:00:00","41.75"
"29/08/2018 09:30:00","33.7"
"29/08/2018 09:00:00","33.02"
"29/08/2018 08:30:00","40.36"
"29/08/2018 08:00:00","41.88"
"29/08/2018 07:30:00","38.21"
"29/08/2018 07:00:00","36.51"
"29/08/2018 06:30:00","29.57"
"29/08/2018 06:00:00","24.94"
"29/08/2018 05:30:00","24.35"
"29/08/2018 05:00:00","24.93"
"29/08/2018 04:30:00","25.19"
"29/08/2018 04:00:00","23.52"
"29/08/2018 03:30:00","22.39"
"29/08/2018 03:00:00","29.61"
"29/08/2018 02:30:00","21.25"
"29/08/2018 02:00:00","28.46"
"29/08/2018 01:30:00","26.91"
"29/08/2018 01:00:00","27.85"
"29/08/2018 00:30:00","23.49"
"29/08/2018 00:00:00","23.53"
"28/08/2018 23:30:00","29.73"
"28/08/2018 23:00:00","25.33"
"28/08/2018 22:30:00","24.21"
"28/08/2018 22:00:00","25.13"
"28/08/2018 21:30:00","26.27"
"28/08/2018 21:00:00","25.11"
"28/08/2018 20:30:00","21.74"
"28/08/2018 20:00:00","25.24"
"28/08/2018 19:30:00","24.38"
"28/08/2018 19:00:00","23.91"
"28/08/2018 18:30:00","23.79"
"28/08/2018 18:00:00","24.4"
"28/08/2018 17:30:00","26.42"
"28/08/2018 17:00:00","25.85"
"28/08/2018 16:30:00","26.63"
"28/08/2018 16:00:00","26.48"
"28/08/2018 15:30:00","30.1"
"28/08/2018 15:00:00","28.73"
"28/08/2018 14:30:00","30.81"
"28/08/2018 14:00:00","31.89"
"28/08/2018 13:30:00","37.51"
"28/08/2018 13:00:00","37.92"
"28/08/2018 12:30:00","35.94"
"28/08/2018 12:00:00","36.93"
"28/08/2018 11:30:00","36.87"
"28/08/2018 11:00:00","32.76"
"28/08/2018 10:30:00","34.78"
"28/08/2018 10:00:00","40.76"
"28/08/2018 09:30:00","34.31"
"28/08/2018 09:00:00","35.64"
"28/08/2018 08:30:00","38.01"
"28/08/2018 08:00:00","38.76"
"28/08/2018 07:30:00","39.06"
"28/08/2018 07:00:00","36.69"
"28/08/2018 06:30:00","34.45"
"28/08/2018 06:00:00","31.96"
"28/08/2018 05:30:00","27.17"
"28/08/2018 05:00:00","28.75"
"28/08/2018 04:30:00","26.14"
"28/08/2018 04:00:00","25.27"
"28/08/2018 03:30:00","23.49"
"28/08/2018 03:00:00","29.06"
"28/08/2018 02:30:00","20.95"
"28/08/2018 02:00:00","27.57"
"28/08/2018 01:30:00","29.47"
"28/08/2018 01:00:00","27.41"
"28/08/2018 00:30:00","22.47"
"28/08/2018 00:00:00","20.97"
"27/08/2018 23:30:00","20.85"
"27/08/2018 23:00:00","24.14"
"27/08/2018 22:30:00","21.28"
"27/08/2018 22:00:00","21.64"
"27/08/2018 21:30:00","21.15"
"27/08/2018 21:00:00","25.2"
"27/08/2018 20:30:00","22.23"
"27/08/2018 20:00:00","23.77"
"27/08/2018 19:30:00","25.19"
"27/08/2018 19:00:00","25.46"
"27/08/2018 18:30:00","26.05"
"27/08/2018 18:00:00","23.48"
"27/08/2018 17:30:00","26.97"
"27/08/2018 17:00:00","30.65"
"27/08/2018 16:30:00","34.23"
"27/08/2018 16:00:00","33.76"
"27/08/2018 15:30:00","32.64"
"27/08/2018 15:00:00","35.3"
"27/08/2018 14:30:00","38.14"
"27/08/2018 14:00:00","31.73"
"27/08/2018 13:30:00","27.48"
"27/08/2018 13:00:00","28.1"
"27/08/2018 12:30:00","25.72"
"27/08/2018 12:00:00","38.15"
"27/08/2018 11:30:00","30.17"
"27/08/2018 11:00:00","40.1"
"27/08/2018 10:30:00","31.98"
"27/08/2018 10:00:00","39.91"
"27/08/2018 09:30:00","38.43"
"27/08/2018 09:00:00","34.87"
"27/08/2018 08:30:00","34.05"
"27/08/2018 08:00:00","39.34"
"27/08/2018 07:30:00","35.63"
"27/08/2018 07:00:00","35.09"
"27/08/2018 06:30:00","28.64"
"27/08/2018 06:00:00","25.11"
"27/08/2018 05:30:00","24.94"
"27/08/2018 05:00:00","24.28"
"27/08/2018 04:30:00","24"
"27/08/2018 04:00:00","23.24"
"27/08/2018 03:30:00","19.99"
"27/08/2018 03:00:00","27.57"
"27/08/2018 02:30:00","19.49"
"27/08/2018 02:00:00","25.61"
"27/08/2018 01:30:00","27.19"
"27/08/2018 01:00:00","27.09"
"27/08/2018 00:30:00","26.3"
"10/09/2018 00:00:00","22.82"
"09/09/2018 23:30:00","25.32"
"09/09/2018 23:00:00","25.49"
"09/09/2018 22:30:00","23.71"
"09/09/2018 22:00:00","18.98"
"09/09/2018 21:30:00","16.82"
"09/09/2018 21:00:00","18.9"
"09/09/2018 20:30:00","19.77"
"09/09/2018 20:00:00","21.67"
"09/09/2018 19:30:00","23.88"
"09/09/2018 19:00:00","18.42"
"09/09/2018 18:30:00","15.08"
"09/09/2018 18:00:00","16.23"
"09/09/2018 17:30:00","15.79"
"09/09/2018 17:00:00","17.1"
"09/09/2018 16:30:00","15.24"
"09/09/2018 16:00:00","18.21"
"09/09/2018 15:30:00","15.52"
"09/09/2018 15:00:00","16.55"
"09/09/2018 14:30:00","17.1"
"09/09/2018 14:00:00","18.51"
"09/09/2018 13:30:00","14.95"
"09/09/2018 13:00:00","15.49"
"09/09/2018 12:30:00","15.34"
"09/09/2018 12:00:00","16.5"
"09/09/2018 11:30:00","19.69"
"09/09/2018 11:00:00","17.29"
"09/09/2018 10:30:00","19.96"
"09/09/2018 10:00:00","26.08"
"09/09/2018 09:30:00","26.38"
"09/09/2018 09:00:00","26.94"
"09/09/2018 08:30:00","26.44"
"09/09/2018 08:00:00","27.14"
"09/09/2018 07:30:00","26.35"
"09/09/2018 07:00:00","28.9"
"09/09/2018 06:30:00","26.85"
"09/09/2018 06:00:00","28.12"
"09/09/2018 05:30:00","27.06"
"09/09/2018 05:00:00","36.06"
"09/09/2018 04:30:00","46.85"
"09/09/2018 04:00:00","45.6"
"09/09/2018 03:30:00","40.34"
"09/09/2018 03:00:00","33.29"
"09/09/2018 02:30:00","20.26"
"09/09/2018 02:00:00","23.05"
"09/09/2018 01:30:00","26.69"
"09/09/2018 01:00:00","25.63"
"09/09/2018 00:30:00","34.68"
"09/09/2018 00:00:00","23.32"
"08/09/2018 23:30:00","24.6"
"08/09/2018 23:00:00","24.09"
"08/09/2018 22:30:00","25.44"
"08/09/2018 22:00:00","18.07"
"08/09/2018 21:30:00","17.39"
"08/09/2018 21:00:00","20.29"
"08/09/2018 20:30:00","20.18"
"08/09/2018 20:00:00","21.64"
"08/09/2018 19:30:00","21.3"
"08/09/2018 19:00:00","16.94"
"08/09/2018 18:30:00","17.13"
"08/09/2018 18:00:00","20.53"
"08/09/2018 17:30:00","16.15"
"08/09/2018 17:00:00","17.3"
"08/09/2018 16:30:00","15.51"
"08/09/2018 16:00:00","15.64"
"08/09/2018 15:30:00","15.85"
"08/09/2018 15:00:00","15.8"
"08/09/2018 14:30:00","17.63"
"08/09/2018 14:00:00","15.74"
"08/09/2018 13:30:00","15.23"
"08/09/2018 13:00:00","16.83"
"08/09/2018 12:30:00","16.07"
"08/09/2018 12:00:00","16.25"
"08/09/2018 11:30:00","18.54"
"08/09/2018 11:00:00","24.7"
"08/09/2018 10:30:00","22.98"
"08/09/2018 10:00:00","27.25"
"08/09/2018 09:30:00","29.25"
"08/09/2018 09:00:00","27.4"
"08/09/2018 08:30:00","26.52"
"08/09/2018 08:00:00","28.41"
"08/09/2018 07:30:00","26.5"
"08/09/2018 07:00:00","27.67"
"08/09/2018 06:30:00","26.92"
"08/09/2018 06:00:00","28.14"
"08/09/2018 05:30:00","27.06"
"08/09/2018 05:00:00","36.07"
"08/09/2018 04:30:00","38.57"
"08/09/2018 04:00:00","31.98"
"08/09/2018 03:30:00","37.31"
"08/09/2018 03:00:00","35.74"
"08/09/2018 02:30:00","24.14"
"08/09/2018 02:00:00","24.04"
"08/09/2018 01:30:00","26.98"
"08/09/2018 01:00:00","26.03"
"08/09/2018 00:30:00","40.15"
"08/09/2018 00:00:00","28.63"
"07/09/2018 23:30:00","25.33"
"07/09/2018 23:00:00","23.5"
"07/09/2018 22:30:00","22.3"
"07/09/2018 22:00:00","21.35"
"07/09/2018 21:30:00","21.99"
"07/09/2018 21:00:00","26.29"
"07/09/2018 20:30:00","25.32"
"07/09/2018 20:00:00","25.67"
"07/09/2018 19:30:00","24.32"
"07/09/2018 19:00:00","22.39"
"07/09/2018 18:30:00","22.97"
"07/09/2018 18:00:00","21"
"07/09/2018 17:30:00","21.03"
"07/09/2018 17:00:00","23.97"
"07/09/2018 16:30:00","23.73"
"07/09/2018 16:00:00","25.74"
"07/09/2018 15:30:00","25.42"
"07/09/2018 15:00:00","35.4"
"07/09/2018 14:30:00","32.04"
"07/09/2018 14:00:00","30.12"
"07/09/2018 13:30:00","29.02"
"07/09/2018 13:00:00","29.78"
"07/09/2018 12:30:00","26.63"
"07/09/2018 12:00:00","29"
"07/09/2018 11:30:00","33.42"
"07/09/2018 11:00:00","30.14"
"07/09/2018 10:30:00","37.01"
"07/09/2018 10:00:00","43.84"
"07/09/2018 09:30:00","37.98"
"07/09/2018 09:00:00","36.98"
"07/09/2018 08:30:00","37.06"
"07/09/2018 08:00:00","37.5"
"07/09/2018 07:30:00","35.96"
"07/09/2018 07:00:00","36.36"
"07/09/2018 06:30:00","32.23"
"07/09/2018 06:00:00","31.03"
"07/09/2018 05:30:00","28.41"
"07/09/2018 05:00:00","33.58"
"07/09/2018 04:30:00","30.08"
"07/09/2018 04:00:00","29.92"
"07/09/2018 03:30:00","33.4"
"07/09/2018 03:00:00","33.96"
"07/09/2018 02:30:00","24.82"
"07/09/2018 02:00:00","25.08"
"07/09/2018 01:30:00","20.66"
"07/09/2018 01:00:00","28.2"
"07/09/2018 00:30:00","27.04"
"07/09/2018 00:00:00","32.26"
"06/09/2018 23:30:00","35.17"
"06/09/2018 23:00:00","39.72"
"06/09/2018 22:30:00","53.47"
"06/09/2018 22:00:00","44"
"06/09/2018 21:30:00","34.56"
"06/09/2018 21:00:00","33.54"
"06/09/2018 20:30:00","41.46"
"06/09/2018 20:00:00","40.48"
"06/09/2018 19:30:00","29.1"
"06/09/2018 19:00:00","32.95"
"06/09/2018 18:30:00","44.31"
"06/09/2018 18:00:00","22.02"
"06/09/2018 17:30:00","23.25"
"06/09/2018 17:00:00","28.05"
"06/09/2018 16:30:00","28.26"
"06/09/2018 16:00:00","33.56"
"06/09/2018 15:30:00","28.11"
"06/09/2018 15:00:00","38.62"
"06/09/2018 14:30:00","36.22"
"06/09/2018 14:00:00","33.43"
"06/09/2018 13:30:00","39.13"
"06/09/2018 13:00:00","36.19"
"06/09/2018 12:30:00","35.55"
"06/09/2018 12:00:00","36.41"
"06/09/2018 11:30:00","34.32"
"06/09/2018 11:00:00","35.43"
"06/09/2018 10:30:00","40.25"
"06/09/2018 10:00:00","41.43"
"06/09/2018 09:30:00","37.72"
"06/09/2018 09:00:00","45.03"
"06/09/2018 08:30:00","49.32"
"06/09/2018 08:00:00","39.44"
"06/09/2018 07:30:00","34.22"
"06/09/2018 07:00:00","33.26"
"06/09/2018 06:30:00","28.05"
"06/09/2018 06:00:00","28.95"
"06/09/2018 05:30:00","30.3"
"06/09/2018 05:00:00","33.8"
"06/09/2018 04:30:00","35.03"
"06/09/2018 04:00:00","40.14"
"06/09/2018 03:30:00","32.99"
"06/09/2018 03:00:00","33.51"
"06/09/2018 02:30:00","31.33"
"06/09/2018 02:00:00","32.64"
"06/09/2018 01:30:00","31.35"
"06/09/2018 01:00:00","33.48"
"06/09/2018 00:30:00","32.28"
"06/09/2018 00:00:00","32.86"
"05/09/2018 23:30:00","24.07"
"05/09/2018 23:00:00","28.03"
"05/09/2018 22:30:00","25.3"
"05/09/2018 22:00:00","28.46"
"05/09/2018 21:30:00","30.73"
"05/09/2018 21:00:00","29.66"
"05/09/2018 20:30:00","29.58"
"05/09/2018 20:00:00","36.94"
"05/09/2018 19:30:00","24.18"
"05/09/2018 19:00:00","24.74"
"05/09/2018 18:30:00","24.96"
"05/09/2018 18:00:00","26.2"
"05/09/2018 17:30:00","27.61"
"05/09/2018 17:00:00","35.5"
"05/09/2018 16:30:00","38.23"
"05/09/2018 16:00:00","46.17"
"05/09/2018 15:30:00","38.03"
"05/09/2018 15:00:00","39.52"
"05/09/2018 14:30:00","40.65"
"05/09/2018 14:00:00","38.82"
"05/09/2018 13:30:00","37.02"
"05/09/2018 13:00:00","40.67"
"05/09/2018 12:30:00","37.81"
"05/09/2018 12:00:00","38.83"
"05/09/2018 11:30:00","41.34"
"05/09/2018 11:00:00","35.88"
"05/09/2018 10:30:00","41.36"
"05/09/2018 10:00:00","50.05"
"05/09/2018 09:30:00","42.77"
"05/09/2018 09:00:00","41.32"
"05/09/2018 08:30:00","42.43"
"05/09/2018 08:00:00","41.72"
"05/09/2018 07:30:00","33.92"
"05/09/2018 07:00:00","34.62"
"05/09/2018 06:30:00","28.48"
"05/09/2018 06:00:00","28.36"
"05/09/2018 05:30:00","35.55"
"05/09/2018 05:00:00","37.85"
"05/09/2018 04:30:00","33.14"
"05/09/2018 04:00:00","36.72"
"05/09/2018 03:30:00","30.69"
"05/09/2018 03:00:00","32.62"
"05/09/2018 02:30:00","24.51"
"05/09/2018 02:00:00","26.28"
"05/09/2018 01:30:00","27.07"
"05/09/2018 01:00:00","24.17"
"05/09/2018 00:30:00","22.1"
"05/09/2018 00:00:00","32.54"
"04/09/2018 23:30:00","34.95"
"04/09/2018 23:00:00","30.8"
"04/09/2018 22:30:00","28.18"
"04/09/2018 22:00:00","29.53"
"04/09/2018 21:30:00","30.43"
"04/09/2018 21:00:00","36.39"
"04/09/2018 20:30:00","34.19"
"04/09/2018 20:00:00","36.92"
"04/09/2018 19:30:00","35.14"
"04/09/2018 19:00:00","30.33"
"04/09/2018 18:30:00","28.49"
"04/09/2018 18:00:00","29.69"
"04/09/2018 17:30:00","30.2"
"04/09/2018 17:00:00","30.93"
"04/09/2018 16:30:00","31.55"
"04/09/2018 16:00:00","34.9"
"04/09/2018 15:30:00","30.55"
"04/09/2018 15:00:00","32.47"
"04/09/2018 14:30:00","33.24"
"04/09/2018 14:00:00","33.7"
"04/09/2018 13:30:00","37.23"
"04/09/2018 13:00:00","37.86"
"04/09/2018 12:30:00","40.1"
"04/09/2018 12:00:00","45.1"
"04/09/2018 11:30:00","48.57"
"04/09/2018 11:00:00","36.03"
"04/09/2018 10:30:00","44.84"
"04/09/2018 10:00:00","47.56"
"04/09/2018 09:30:00","40.89"
"04/09/2018 09:00:00","43.1"
"04/09/2018 08:30:00","43.62"
"04/09/2018 08:00:00","42.29"
"04/09/2018 07:30:00","35.64"
"04/09/2018 07:00:00","33.78"
"04/09/2018 06:30:00","36.48"
"04/09/2018 06:00:00","30.35"
"04/09/2018 05:30:00","30.82"
"04/09/2018 05:00:00","33.45"
"04/09/2018 04:30:00","35.74"
"04/09/2018 04:00:00","37.85"
"04/09/2018 03:30:00","31.16"
"04/09/2018 03:00:00","28.52"
"04/09/2018 02:30:00","24.03"
"04/09/2018 02:00:00","27.36"
"04/09/2018 01:30:00","25.69"
"04/09/2018 01:00:00","24.8"
"04/09/2018 00:30:00","25.11"
"04/09/2018 00:00:00","40.34"
"03/09/2018 23:30:00","35.25"
"03/09/2018 23:00:00","31.7"
"03/09/2018 22:30:00","29.5"
"03/09/2018 22:00:00","30.89"
"03/09/2018 21:30:00","30.7"
"03/09/2018 21:00:00","28.83"
"03/09/2018 20:30:00","27.89"
"03/09/2018 20:00:00","29.12"
"03/09/2018 19:30:00","32.63"
"03/09/2018 19:00:00","31.11"
"03/09/2018 18:30:00","30.73"
"03/09/2018 18:00:00","30.12"
"03/09/2018 17:30:00","33.18"
"03/09/2018 17:00:00","32.01"
"03/09/2018 16:30:00","37.67"
"03/09/2018 16:00:00","37.74"
"03/09/2018 15:30:00","36.99"
"03/09/2018 15:00:00","42.5"
"03/09/2018 14:30:00","44.23"
"03/09/2018 14:00:00","35.8"
"03/09/2018 13:30:00","34.63"
"03/09/2018 13:00:00","35"
"03/09/2018 12:30:00","34.19"
"03/09/2018 12:00:00","46.22"
"03/09/2018 11:30:00","40.59"
"03/09/2018 11:00:00","38.27"
"03/09/2018 10:30:00","40.57"
"03/09/2018 10:00:00","39.06"
"03/09/2018 09:30:00","33.69"
"03/09/2018 09:00:00","39.1"
"03/09/2018 08:30:00","44"
"03/09/2018 08:00:00","49.56"
"03/09/2018 07:30:00","43.78"
"03/09/2018 07:00:00","39.79"
"03/09/2018 06:30:00","33.5"
"03/09/2018 06:00:00","31.99"
"03/09/2018 05:30:00","34.47"
"03/09/2018 05:00:00","39.1"
"03/09/2018 04:30:00","38.5"
"03/09/2018 04:00:00","41.63"
"03/09/2018 03:30:00","38.72"
"03/09/2018 03:00:00","37.67"
"03/09/2018 02:30:00","32.15"
"03/09/2018 02:00:00","34.9"
"03/09/2018 01:30:00","33.53"
"03/09/2018 01:00:00","32.39"
"03/09/2018 00:30:00","28.77"
"16/09/2018 23:30:00","30.26"
"16/09/2018 23:00:00","30.09"
"16/09/2018 22:30:00","28.77"
"16/09/2018 22:00:00","25.84"
"16/09/2018 21:30:00","24.84"
"16/09/2018 21:00:00","26.34"
"16/09/2018 20:30:00","27.91"
"16/09/2018 20:00:00","28.53"
"16/09/2018 19:30:00","28.14"
"16/09/2018 19:00:00","25.62"
"16/09/2018 18:30:00","26.13"
"16/09/2018 18:00:00","30.29"
"16/09/2018 17:30:00","24.94"
"16/09/2018 17:00:00","25.66"
"16/09/2018 16:30:00","24.74"
"16/09/2018 16:00:00","25.61"
"16/09/2018 15:30:00","24.72"
"16/09/2018 15:00:00","24.98"
"16/09/2018 14:30:00","26.42"
"16/09/2018 14:00:00","25.22"
"16/09/2018 13:30:00","24.71"
"16/09/2018 13:00:00","26.29"
"16/09/2018 12:30:00","27.56"
"16/09/2018 12:00:00","26.13"
"16/09/2018 11:30:00","22"
"16/09/2018 11:00:00","26.96"
"16/09/2018 10:30:00","33.64"
"16/09/2018 10:00:00","36.77"
"16/09/2018 09:30:00","34.85"
"16/09/2018 09:00:00","36.61"
"16/09/2018 08:30:00","35.91"
"16/09/2018 08:00:00","36.59"
"16/09/2018 07:30:00","36.29"
"16/09/2018 07:00:00","36.89"
"16/09/2018 06:30:00","36.4"
"16/09/2018 06:00:00","37.55"
"16/09/2018 05:30:00","36.47"
"16/09/2018 05:00:00","39.27"
"16/09/2018 04:30:00","43.16"
"16/09/2018 04:00:00","41.3"
"16/09/2018 03:30:00","46.42"
"16/09/2018 03:00:00","53.48"
"16/09/2018 02:30:00","44.61"
"16/09/2018 02:00:00","42.55"
"16/09/2018 01:30:00","42.43"
"16/09/2018 01:00:00","40.6"
"16/09/2018 00:30:00","52.01"
"16/09/2018 00:00:00","43.49"
"15/09/2018 23:30:00","38.43"
"15/09/2018 23:00:00","31.99"
"15/09/2018 22:30:00","28.75"
"15/09/2018 22:00:00","25.88"
"15/09/2018 21:30:00","24.73"
"15/09/2018 21:00:00","29.45"
"15/09/2018 20:30:00","27.61"
"15/09/2018 20:00:00","27.74"
"15/09/2018 19:30:00","27.24"
"15/09/2018 19:00:00","26.17"
"15/09/2018 18:30:00","26.17"
"15/09/2018 18:00:00","29.05"
"15/09/2018 17:30:00","27.29"
"15/09/2018 17:00:00","26.3"
"15/09/2018 16:30:00","24.67"
"15/09/2018 16:00:00","25.29"
"15/09/2018 15:30:00","24.28"
"15/09/2018 15:00:00","25.19"
"15/09/2018 14:30:00","24.75"
"15/09/2018 14:00:00","25.12"
"15/09/2018 13:30:00","24.6"
"15/09/2018 13:00:00","27.57"
"15/09/2018 12:30:00","27.31"
"15/09/2018 12:00:00","28.97"
"15/09/2018 11:30:00","28.43"
"15/09/2018 11:00:00","30.12"
"15/09/2018 10:30:00","32.91"
"15/09/2018 10:00:00","39.09"
"15/09/2018 09:30:00","41.1"
"15/09/2018 09:00:00","43.42"
"15/09/2018 08:30:00","38.25"
"15/09/2018 08:00:00","45.41"
"15/09/2018 07:30:00","47.54"
"15/09/2018 07:00:00","43.43"
"15/09/2018 06:30:00","44.86"
"15/09/2018 06:00:00","42.16"
"15/09/2018 05:30:00","41.35"
"15/09/2018 05:00:00","42.94"
"15/09/2018 04:30:00","43.5"
"15/09/2018 04:00:00","39.81"
"15/09/2018 03:30:00","38.1"
"15/09/2018 03:00:00","38.29"
"15/09/2018 02:30:00","30.9"
"15/09/2018 02:00:00","31.34"
"15/09/2018 01:30:00","35.93"
"15/09/2018 01:00:00","39.26"
"15/09/2018 00:30:00","48.62"
"15/09/2018 00:00:00","39.65"
"14/09/2018 23:30:00","42.13"
"14/09/2018 23:00:00","40.01"
"14/09/2018 22:30:00","40.05"
"14/09/2018 22:00:00","35.59"
"14/09/2018 21:30:00","36.02"
"14/09/2018 21:00:00","40.81"
"14/09/2018 20:30:00","39.1"
"14/09/2018 20:00:00","38.22"
"14/09/2018 19:30:00","45.67"
"14/09/2018 19:00:00","44.65"
"14/09/2018 18:30:00","43.75"
"14/09/2018 18:00:00","30.72"
"14/09/2018 17:30:00","30.07"
"14/09/2018 17:00:00","35.23"
"14/09/2018 16:30:00","34.65"
"14/09/2018 16:00:00","32.63"
"14/09/2018 15:30:00","32.58"
"14/09/2018 15:00:00","36.22"
"14/09/2018 14:30:00","33.76"
"14/09/2018 14:00:00","32.03"
"14/09/2018 13:30:00","36.65"
"14/09/2018 13:00:00","39.47"
"14/09/2018 12:30:00","35.88"
"14/09/2018 12:00:00","38.52"
"14/09/2018 11:30:00","32.19"
"14/09/2018 11:00:00","30.9"
"14/09/2018 10:30:00","32.7"
"14/09/2018 10:00:00","37.47"
"14/09/2018 09:30:00","38.02"
"14/09/2018 09:00:00","37.73"
"14/09/2018 08:30:00","36.89"
"14/09/2018 08:00:00","36.21"
"14/09/2018 07:30:00","33.6"
"14/09/2018 07:00:00","35.39"
"14/09/2018 06:30:00","33.5"
"14/09/2018 06:00:00","35.11"
"14/09/2018 05:30:00","30.99"
"14/09/2018 05:00:00","35.43"
"14/09/2018 04:30:00","33.41"
"14/09/2018 04:00:00","31.39"
"14/09/2018 03:30:00","31.41"
"14/09/2018 03:00:00","33.83"
"14/09/2018 02:30:00","21.72"
"14/09/2018 02:00:00","21.27"
"14/09/2018 01:30:00","22.15"
"14/09/2018 01:00:00","23.33"
"14/09/2018 00:30:00","37.28"
"14/09/2018 00:00:00","24.81"
"13/09/2018 23:30:00","24.94"
"13/09/2018 23:00:00","26.37"
"13/09/2018 22:30:00","25.39"
"13/09/2018 22:00:00","25.21"
"13/09/2018 21:30:00","29.96"
"13/09/2018 21:00:00","31.81"
"13/09/2018 20:30:00","28.75"
"13/09/2018 20:00:00","28.11"
"13/09/2018 19:30:00","24.97"
"13/09/2018 19:00:00","23.22"
"13/09/2018 18:30:00","23.9"
"13/09/2018 18:00:00","21.95"
"13/09/2018 17:30:00","21.78"
"13/09/2018 17:00:00","24.39"
"13/09/2018 16:30:00","24.97"
"13/09/2018 16:00:00","25.41"
"13/09/2018 15:30:00","21.44"
"13/09/2018 15:00:00","32.72"
"13/09/2018 14:30:00","28.77"
"13/09/2018 14:00:00","23.09"
"13/09/2018 13:30:00","35.64"
"13/09/2018 13:00:00","34.72"
"13/09/2018 12:30:00","37.5"
"13/09/2018 12:00:00","32.71"
"13/09/2018 11:30:00","34.56"
"13/09/2018 11:00:00","35.15"
"13/09/2018 10:30:00","38.2"
"13/09/2018 10:00:00","44.58"
"13/09/2018 09:30:00","42.54"
"13/09/2018 09:00:00","42.86"
"13/09/2018 08:30:00","45.31"
"13/09/2018 08:00:00","44.53"
"13/09/2018 07:30:00","43.26"
"13/09/2018 07:00:00","43.26"
"13/09/2018 06:30:00","40.11"
"13/09/2018 06:00:00","41.5"
"13/09/2018 05:30:00","39.51"
"13/09/2018 05:00:00","41.09"
"13/09/2018 04:30:00","41.01"
"13/09/2018 04:00:00","39.11"
"13/09/2018 03:30:00","39.83"
"13/09/2018 03:00:00","39.24"
"13/09/2018 02:30:00","34.44"
"13/09/2018 02:00:00","31.99"
"13/09/2018 01:30:00","30.93"
"13/09/2018 01:00:00","28.93"
"13/09/2018 00:30:00","44.4"
"13/09/2018 00:00:00","31.91"
"12/09/2018 23:30:00","30.2"
"12/09/2018 23:00:00","30.55"
"12/09/2018 22:30:00","30.81"
"12/09/2018 22:00:00","28.6"
"12/09/2018 21:30:00","30.27"
"12/09/2018 21:00:00","33.42"
"12/09/2018 20:30:00","31.7"
"12/09/2018 20:00:00","34.47"
"12/09/2018 19:30:00","33.84"
"12/09/2018 19:00:00","32.72"
"12/09/2018 18:30:00","32.34"
"12/09/2018 18:00:00","32.42"
"12/09/2018 17:30:00","32.71"
"12/09/2018 17:00:00","37.46"
"12/09/2018 16:30:00","38.8"
"12/09/2018 16:00:00","35.92"
"12/09/2018 15:30:00","34.17"
"12/09/2018 15:00:00","39.62"
"12/09/2018 14:30:00","35.48"
"12/09/2018 14:00:00","33.95"
"12/09/2018 13:30:00","34.7"
"12/09/2018 13:00:00","32.97"
"12/09/2018 12:30:00","32.07"
"12/09/2018 12:00:00","34.33"
"12/09/2018 11:30:00","33.7"
"12/09/2018 11:00:00","38.31"
"12/09/2018 10:30:00","50.86"
"12/09/2018 10:00:00","49.31"
"12/09/2018 09:30:00","48.48"
"12/09/2018 09:00:00","45.55"
"12/09/2018 08:30:00","43.33"
"12/09/2018 08:00:00","44.27"
"12/09/2018 07:30:00","41.85"
"12/09/2018 07:00:00","43.77"
"12/09/2018 06:30:00","41.4"
"12/09/2018 06:00:00","41.7"
"12/09/2018 05:30:00","40.59"
"12/09/2018 05:00:00","42.83"
"12/09/2018 04:30:00","43.72"
"12/09/2018 04:00:00","41.15"
"12/09/2018 03:30:00","41.28"
"12/09/2018 03:00:00","41.24"
"12/09/2018 02:30:00","32.21"
"12/09/2018 02:00:00","32.02"
"12/09/2018 01:30:00","33.23"
"12/09/2018 01:00:00","31.95"
"12/09/2018 00:30:00","48.93"
"12/09/2018 00:00:00","35.95"
"11/09/2018 23:30:00","31.41"
"11/09/2018 23:00:00","32.3"
"11/09/2018 22:30:00","35.77"
"11/09/2018 22:00:00","30.99"
"11/09/2018 21:30:00","29.06"
"11/09/2018 21:00:00","34.46"
"11/09/2018 20:30:00","31.33"
"11/09/2018 20:00:00","31.16"
"11/09/2018 19:30:00","29.97"
"11/09/2018 19:00:00","28.89"
"11/09/2018 18:30:00","28.79"
"11/09/2018 18:00:00","28.52"
"11/09/2018 17:30:00","29.3"
"11/09/2018 17:00:00","32.31"
"11/09/2018 16:30:00","32.75"
"11/09/2018 16:00:00","32.16"
"11/09/2018 15:30:00","29.13"
"11/09/2018 15:00:00","36.35"
"11/09/2018 14:30:00","32.38"
"11/09/2018 14:00:00","32.43"
"11/09/2018 13:30:00","33.39"
"11/09/2018 13:00:00","33.79"
"11/09/2018 12:30:00","36.44"
"11/09/2018 12:00:00","36.57"
"11/09/2018 11:30:00","34.5"
"11/09/2018 11:00:00","32.64"
"11/09/2018 10:30:00","39.44"
"11/09/2018 10:00:00","45.11"
"11/09/2018 09:30:00","44.48"
"11/09/2018 09:00:00","46.93"
"11/09/2018 08:30:00","44.31"
"11/09/2018 08:00:00","47.31"
"11/09/2018 07:30:00","46.64"
"11/09/2018 07:00:00","42.8"
"11/09/2018 06:30:00","41.58"
"11/09/2018 06:00:00","40.91"
"11/09/2018 05:30:00","39.45"
"11/09/2018 05:00:00","42.11"
"11/09/2018 04:30:00","47.21"
"11/09/2018 04:00:00","45.71"
"11/09/2018 03:30:00","44.25"
"11/09/2018 03:00:00","44.99"
"11/09/2018 02:30:00","36.02"
"11/09/2018 02:00:00","37.16"
"11/09/2018 01:30:00","36.67"
"11/09/2018 01:00:00","36.87"
"11/09/2018 00:30:00","49.07"
"11/09/2018 00:00:00","35.73"
"10/09/2018 23:30:00","34.65"
"10/09/2018 23:00:00","35.04"
"10/09/2018 22:30:00","32.2"
"10/09/2018 22:00:00","31.85"
"10/09/2018 21:30:00","31.37"
"10/09/2018 21:00:00","35.54"
"10/09/2018 20:30:00","33.45"
"10/09/2018 20:00:00","32.4"
"10/09/2018 19:30:00","31.27"
"10/09/2018 19:00:00","30.66"
"10/09/2018 18:30:00","31.25"
"10/09/2018 18:00:00","31.54"
"10/09/2018 17:30:00","34.24"
"10/09/2018 17:00:00","38.3"
"10/09/2018 16:30:00","39.92"
"10/09/2018 16:00:00","40.11"
"10/09/2018 15:30:00","35.88"
"10/09/2018 15:00:00","37.51"
"10/09/2018 14:30:00","37.41"
"10/09/2018 14:00:00","36.45"
"10/09/2018 13:30:00","34.55"
"10/09/2018 13:00:00","35.05"
"10/09/2018 12:30:00","33.24"
"10/09/2018 12:00:00","32.6"
"10/09/2018 11:30:00","33.01"
"10/09/2018 11:00:00","38.56"
"10/09/2018 10:30:00","43.91"
"10/09/2018 10:00:00","47.38"
"10/09/2018 09:30:00","48.11"
"10/09/2018 09:00:00","53.74"
"10/09/2018 08:30:00","47.87"
"10/09/2018 08:00:00","50.35"
"10/09/2018 07:30:00","46.78"
"10/09/2018 07:00:00","46.18"
"10/09/2018 06:30:00","43.3"
"10/09/2018 06:00:00","43.59"
"10/09/2018 05:30:00","43.03"
"10/09/2018 05:00:00","47.87"
"10/09/2018 04:30:00","48.6"
"10/09/2018 04:00:00","46.65"
"10/09/2018 03:30:00","51.72"
"10/09/2018 03:00:00","51.16"
"10/09/2018 02:30:00","39.68"
"10/09/2018 02:00:00","40.03"
"10/09/2018 01:30:00","40.16"
"10/09/2018 01:00:00","33.43"
"10/09/2018 00:30:00","33.19"
"10/09/2018 00:00:00","22.82"
"23/09/2018 23:30:00","31.12"
"23/09/2018 23:00:00","32.51"
"23/09/2018 22:30:00","31.4"
"23/09/2018 22:00:00","28.67"
"23/09/2018 21:30:00","27.17"
"23/09/2018 21:00:00","30.92"
"23/09/2018 20:30:00","30.22"
"23/09/2018 20:00:00","29.38"
"23/09/2018 19:30:00","29.46"
"23/09/2018 19:00:00","26.2"
"23/09/2018 18:30:00","26.08"
"23/09/2018 18:00:00","27.78"
"23/09/2018 17:30:00","25.66"
"23/09/2018 17:00:00","26.08"
"23/09/2018 16:30:00","25.56"
"23/09/2018 16:00:00","25.62"
"23/09/2018 15:30:00","25.68"
"23/09/2018 15:00:00","26.3"
"23/09/2018 14:30:00","24.74"
"23/09/2018 14:00:00","25.61"
"23/09/2018 13:30:00","24.66"
"23/09/2018 13:00:00","27.01"
"23/09/2018 12:30:00","27.12"
"23/09/2018 12:00:00","26.75"
"23/09/2018 11:30:00","24.53"
"23/09/2018 11:00:00","25.32"
"23/09/2018 10:30:00","32.28"
"23/09/2018 10:00:00","40.64"
"23/09/2018 09:30:00","41.53"
"23/09/2018 09:00:00","42.45"
"23/09/2018 08:30:00","40.69"
"23/09/2018 08:00:00","41.61"
"23/09/2018 07:30:00","41.18"
"23/09/2018 07:00:00","38.98"
"23/09/2018 06:30:00","36.81"
"23/09/2018 06:00:00","37.29"
"23/09/2018 05:30:00","36.78"
"23/09/2018 05:00:00","40.25"
"23/09/2018 04:30:00","38.87"
"23/09/2018 04:00:00","37.71"
"23/09/2018 03:30:00","37.51"
"23/09/2018 03:00:00","38.28"
"23/09/2018 02:30:00","26.75"
"23/09/2018 02:00:00","29.06"
"23/09/2018 01:30:00","28.98"
"23/09/2018 01:00:00","29.48"
"23/09/2018 00:30:00","44.32"
"23/09/2018 00:00:00","30.92"
"22/09/2018 23:30:00","30.49"
"22/09/2018 23:00:00","32.35"
"22/09/2018 22:30:00","29.72"
"22/09/2018 22:00:00","26.68"
"22/09/2018 21:30:00","25.45"
"22/09/2018 21:00:00","28.45"
"22/09/2018 20:30:00","28.56"
"22/09/2018 20:00:00","29.57"
"22/09/2018 19:30:00","28.54"
"22/09/2018 19:00:00","27.21"
"22/09/2018 18:30:00","26.96"
"22/09/2018 18:00:00","32.6"
"22/09/2018 17:30:00","27.54"
"22/09/2018 17:00:00","27.54"
"22/09/2018 16:30:00","25.36"
"22/09/2018 16:00:00","26.48"
"22/09/2018 15:30:00","25.87"
"22/09/2018 15:00:00","26.05"
"22/09/2018 14:30:00","25.93"
"22/09/2018 14:00:00","26.21"
"22/09/2018 13:30:00","25.87"
"22/09/2018 13:00:00","27.84"
"22/09/2018 12:30:00","28.88"
"22/09/2018 12:00:00","28.19"
"22/09/2018 11:30:00","29.94"
"22/09/2018 11:00:00","30.21"
"22/09/2018 10:30:00","36.98"
"22/09/2018 10:00:00","41.96"
"22/09/2018 09:30:00","41.52"
"22/09/2018 09:00:00","42.63"
"22/09/2018 08:30:00","43.92"
"22/09/2018 08:00:00","47.84"
"22/09/2018 07:30:00","44.42"
"22/09/2018 07:00:00","44.49"
"22/09/2018 06:30:00","43.14"
"22/09/2018 06:00:00","40.36"
"22/09/2018 05:30:00","40.11"
"22/09/2018 05:00:00","43.41"
"22/09/2018 04:30:00","41.72"
"22/09/2018 04:00:00","38.94"
"22/09/2018 03:30:00","37.93"
"22/09/2018 03:00:00","38.89"
"22/09/2018 02:30:00","29.74"
"22/09/2018 02:00:00","29.77"
"22/09/2018 01:30:00","31.24"
"22/09/2018 01:00:00","35.94"
"22/09/2018 00:30:00","45.88"
"22/09/2018 00:00:00","35.95"
"21/09/2018 23:30:00","35.61"
"21/09/2018 23:00:00","35.7"
"21/09/2018 22:30:00","35.37"
"21/09/2018 22:00:00","32.48"
"21/09/2018 21:30:00","31.44"
"21/09/2018 21:00:00","34.3"
"21/09/2018 20:30:00","34.98"
"21/09/2018 20:00:00","33.63"
"21/09/2018 19:30:00","26.75"
"21/09/2018 19:00:00","25.02"
"21/09/2018 18:30:00","25"
"21/09/2018 18:00:00","26.95"
"21/09/2018 17:30:00","25.52"
"21/09/2018 17:00:00","29.87"
"21/09/2018 16:30:00","31.52"
"21/09/2018 16:00:00","30.4"
"21/09/2018 15:30:00","25.97"
"21/09/2018 15:00:00","31.81"
"21/09/2018 14:30:00","35.87"
"21/09/2018 14:00:00","32.13"
"21/09/2018 13:30:00","34.48"
"21/09/2018 13:00:00","38.57"
"21/09/2018 12:30:00","37.41"
"21/09/2018 12:00:00","35.21"
"21/09/2018 11:30:00","36.08"
"21/09/2018 11:00:00","37.61"
"21/09/2018 10:30:00","42.3"
"21/09/2018 10:00:00","43.9"
"21/09/2018 09:30:00","47.28"
"21/09/2018 09:00:00","49.52"
"21/09/2018 08:30:00","47.12"
"21/09/2018 08:00:00","45.59"
"21/09/2018 07:30:00","45.14"
"21/09/2018 07:00:00","46.61"
"21/09/2018 06:30:00","40.02"
"21/09/2018 06:00:00","40.07"
"21/09/2018 05:30:00","38.05"
"21/09/2018 05:00:00","43.77"
"21/09/2018 04:30:00","40.09"
"21/09/2018 04:00:00","39.82"
"21/09/2018 03:30:00","39.52"
"21/09/2018 03:00:00","39.91"
"21/09/2018 02:30:00","35.52"
"21/09/2018 02:00:00","31.44"
"21/09/2018 01:30:00","31.6"
"21/09/2018 01:00:00","32.01"
"21/09/2018 00:30:00","46.95"
"21/09/2018 00:00:00","33.56"
"20/09/2018 23:30:00","32.55"
"20/09/2018 23:00:00","30.97"
"20/09/2018 22:30:00","30.66"
"20/09/2018 22:00:00","28.13"
"20/09/2018 21:30:00","27"
"20/09/2018 21:00:00","32.77"
"20/09/2018 20:30:00","31.19"
"20/09/2018 20:00:00","30.53"
"20/09/2018 19:30:00","31.2"
"20/09/2018 19:00:00","26.71"
"20/09/2018 18:30:00","26.7"
"20/09/2018 18:00:00","29.1"
"20/09/2018 17:30:00","26.94"
"20/09/2018 17:00:00","33.78"
"20/09/2018 16:30:00","32.17"
"20/09/2018 16:00:00","32.22"
"20/09/2018 15:30:00","27.99"
"20/09/2018 15:00:00","34.54"
"20/09/2018 14:30:00","34.64"
"20/09/2018 14:00:00","33.47"
"20/09/2018 13:30:00","33.15"
"20/09/2018 13:00:00","35.97"
"20/09/2018 12:30:00","37.28"
"20/09/2018 12:00:00","37.56"
"20/09/2018 11:30:00","40.28"
"20/09/2018 11:00:00","36.76"
"20/09/2018 10:30:00","50.25"
"20/09/2018 10:00:00","48.63"
"20/09/2018 09:30:00","50.6"
"20/09/2018 09:00:00","48.13"
"20/09/2018 08:30:00","45.32"
"20/09/2018 08:00:00","44.91"
"20/09/2018 07:30:00","46.01"
"20/09/2018 07:00:00","41.53"
"20/09/2018 06:30:00","37.77"
"20/09/2018 06:00:00","38.5"
"20/09/2018 05:30:00","38"
"20/09/2018 05:00:00","38.92"
"20/09/2018 04:30:00","38.2"
"20/09/2018 04:00:00","37.19"
"20/09/2018 03:30:00","37.11"
"20/09/2018 03:00:00","37.49"
"20/09/2018 02:30:00","31.35"
"20/09/2018 02:00:00","30.68"
"20/09/2018 01:30:00","32.6"
"20/09/2018 01:00:00","31.69"
"20/09/2018 00:30:00","44.56"
"20/09/2018 00:00:00","29.84"
"19/09/2018 23:30:00","31.3"
"19/09/2018 23:00:00","30.32"
"19/09/2018 22:30:00","28.9"
"19/09/2018 22:00:00","26.86"
"19/09/2018 21:30:00","30.14"
"19/09/2018 21:00:00","35.15"
"19/09/2018 20:30:00","34.04"
"19/09/2018 20:00:00","33.42"
"19/09/2018 19:30:00","31.99"
"19/09/2018 19:00:00","34.21"
"19/09/2018 18:30:00","32.75"
"19/09/2018 18:00:00","35.02"
"19/09/2018 17:30:00","33.51"
"19/09/2018 17:00:00","37.75"
"19/09/2018 16:30:00","40.07"
"19/09/2018 16:00:00","39.56"
"19/09/2018 15:30:00","41.1"
"19/09/2018 15:00:00","45.34"
"19/09/2018 14:30:00","44.33"
"19/09/2018 14:00:00","34.76"
"19/09/2018 13:30:00","30.37"
"19/09/2018 13:00:00","31.94"
"19/09/2018 12:30:00","35.4"
"19/09/2018 12:00:00","33.64"
"19/09/2018 11:30:00","29.91"
"19/09/2018 11:00:00","31.76"
"19/09/2018 10:30:00","37.16"
"19/09/2018 10:00:00","42.2"
"19/09/2018 09:30:00","45.66"
"19/09/2018 09:00:00","43.44"
"19/09/2018 08:30:00","45.12"
"19/09/2018 08:00:00","43.58"
"19/09/2018 07:30:00","39.94"
"19/09/2018 07:00:00","38.56"
"19/09/2018 06:30:00","37.02"
"19/09/2018 06:00:00","37.87"
"19/09/2018 05:30:00","36.42"
"19/09/2018 05:00:00","39.97"
"19/09/2018 04:30:00","40.44"
"19/09/2018 04:00:00","39.72"
"19/09/2018 03:30:00","42.22"
"19/09/2018 03:00:00","43.56"
"19/09/2018 02:30:00","36.15"
"19/09/2018 02:00:00","33.56"
"19/09/2018 01:30:00","33.67"
"19/09/2018 01:00:00","34.32"
"19/09/2018 00:30:00","47.17"
"19/09/2018 00:00:00","32.59"
"18/09/2018 23:30:00","32.26"
"18/09/2018 23:00:00","32.7"
"18/09/2018 22:30:00","31.38"
"18/09/2018 22:00:00","29.69"
"18/09/2018 21:30:00","30.04"
"18/09/2018 21:00:00","37"
"18/09/2018 20:30:00","34.56"
"18/09/2018 20:00:00","32.15"
"18/09/2018 19:30:00","31.97"
"18/09/2018 19:00:00","29.54"
"18/09/2018 18:30:00","29.3"
"18/09/2018 18:00:00","30.5"
"18/09/2018 17:30:00","28.88"
"18/09/2018 17:00:00","33.18"
"18/09/2018 16:30:00","37.75"
"18/09/2018 16:00:00","35.82"
"18/09/2018 15:30:00","32.56"
"18/09/2018 15:00:00","38.73"
"18/09/2018 14:30:00","39.38"
"18/09/2018 14:00:00","30.93"
"18/09/2018 13:30:00","30.21"
"18/09/2018 13:00:00","35.86"
"18/09/2018 12:30:00","33.06"
"18/09/2018 12:00:00","32.11"
"18/09/2018 11:30:00","32.03"
"18/09/2018 11:00:00","34.82"
"18/09/2018 10:30:00","40.62"
"18/09/2018 10:00:00","42.59"
"18/09/2018 09:30:00","43.07"
"18/09/2018 09:00:00","44.78"
"18/09/2018 08:30:00","41.55"
"18/09/2018 08:00:00","42.18"
"18/09/2018 07:30:00","40.57"
"18/09/2018 07:00:00","38.52"
"18/09/2018 06:30:00","36.95"
"18/09/2018 06:00:00","38.44"
"18/09/2018 05:30:00","37.31"
"18/09/2018 05:00:00","39.28"
"18/09/2018 04:30:00","39.38"
"18/09/2018 04:00:00","37.89"
"18/09/2018 03:30:00","37.07"
"18/09/2018 03:00:00","37.37"
"18/09/2018 02:30:00","29.05"
"18/09/2018 02:00:00","28.72"
"18/09/2018 01:30:00","29.02"
"18/09/2018 01:00:00","28.16"
"18/09/2018 00:30:00","42.25"
"18/09/2018 00:00:00","29.1"
"17/09/2018 23:30:00","32.62"
"17/09/2018 23:00:00","30.26"
"17/09/2018 22:30:00","30.38"
"17/09/2018 22:00:00","31.66"
"17/09/2018 21:30:00","28.83"
"17/09/2018 21:00:00","34.52"
"17/09/2018 20:30:00","35.46"
"17/09/2018 20:00:00","36.45"
"17/09/2018 19:30:00","35.47"
"17/09/2018 19:00:00","33.44"
"17/09/2018 18:30:00","33.08"
"17/09/2018 18:00:00","34.89"
"17/09/2018 17:30:00","37.86"
"17/09/2018 17:00:00","41.58"
"17/09/2018 16:30:00","42.09"
"17/09/2018 16:00:00","47.05"
"17/09/2018 15:30:00","43.31"
"17/09/2018 15:00:00","49.27"
"17/09/2018 14:30:00","46.48"
"17/09/2018 14:00:00","35.49"
"17/09/2018 13:30:00","31.37"
"17/09/2018 13:00:00","33.37"
"17/09/2018 12:30:00","32.31"
"17/09/2018 12:00:00","33.8"
"17/09/2018 11:30:00","29.4"
"17/09/2018 11:00:00","33.39"
"17/09/2018 10:30:00","40.99"
"17/09/2018 10:00:00","43.27"
"17/09/2018 09:30:00","42.41"
"17/09/2018 09:00:00","42.06"
"17/09/2018 08:30:00","42.35"
"17/09/2018 08:00:00","39.4"
"17/09/2018 07:30:00","37.47"
"17/09/2018 07:00:00","37.42"
"17/09/2018 06:30:00","36.93"
"17/09/2018 06:00:00","37.38"
"17/09/2018 05:30:00","35.77"
"17/09/2018 05:00:00","37.25"
"17/09/2018 04:30:00","36.81"
"17/09/2018 04:00:00","35.43"
"17/09/2018 03:30:00","35.69"
"17/09/2018 03:00:00","36.47"
"17/09/2018 02:30:00","25.18"
"17/09/2018 02:00:00","27.98"
"17/09/2018 01:30:00","27.92"
"17/09/2018 01:00:00","28.55"
"17/09/2018 00:30:00","41.6"
"17/09/2018 00:00:00","29.8"
"30/09/2018 23:30:00","31.37"
"30/09/2018 23:00:00","31.65"
"30/09/2018 22:30:00","30.52"
"30/09/2018 22:00:00","28.35"
"30/09/2018 21:30:00","26.73"
"30/09/2018 21:00:00","28.78"
"30/09/2018 20:30:00","30.02"
"30/09/2018 20:00:00","30.31"
"30/09/2018 19:30:00","30.68"
"30/09/2018 19:00:00","27.07"
"30/09/2018 18:30:00","27.62"
"30/09/2018 18:00:00","28.01"
"30/09/2018 17:30:00","26.68"
"30/09/2018 17:00:00","26.84"
"30/09/2018 16:30:00","26.56"
"30/09/2018 16:00:00","27.9"
"30/09/2018 15:30:00","26.49"
"30/09/2018 15:00:00","27.12"
"30/09/2018 14:30:00","26.52"
"30/09/2018 14:00:00","26.74"
"30/09/2018 13:30:00","26.52"
"30/09/2018 13:00:00","28.95"
"30/09/2018 12:30:00","30.72"
"30/09/2018 12:00:00","29.26"
"30/09/2018 11:30:00","26.83"
"30/09/2018 11:00:00","27.88"
"30/09/2018 10:30:00","35.68"
"30/09/2018 10:00:00","38.18"
"30/09/2018 09:30:00","37.99"
"30/09/2018 09:00:00","38.44"
"30/09/2018 08:30:00","38.26"
"30/09/2018 08:00:00","40.86"
"30/09/2018 07:30:00","38.13"
"30/09/2018 07:00:00","38.82"
"30/09/2018 06:30:00","38.35"
"30/09/2018 06:00:00","39.95"
"30/09/2018 05:30:00","38.6"
"30/09/2018 05:00:00","44.57"
"30/09/2018 04:30:00","41.99"
"30/09/2018 04:00:00","38.84"
"30/09/2018 03:30:00","38.68"
"30/09/2018 03:00:00","40.04"
"30/09/2018 02:30:00","28.12"
"30/09/2018 02:00:00","32.05"
"30/09/2018 01:30:00","31.61"
"30/09/2018 01:00:00","33.36"
"30/09/2018 00:30:00","46.45"
"30/09/2018 00:00:00","31.07"
"29/09/2018 23:30:00","31.79"
"29/09/2018 23:00:00","32.17"
"29/09/2018 22:30:00","31.54"
"29/09/2018 22:00:00","28.22"
"29/09/2018 21:30:00","27.5"
"29/09/2018 21:00:00","29.75"
"29/09/2018 20:30:00","30.41"
"29/09/2018 20:00:00","31.88"
"29/09/2018 19:30:00","28.67"
"29/09/2018 19:00:00","27.37"
"29/09/2018 18:30:00","28.09"
"29/09/2018 18:00:00","31.07"
"29/09/2018 17:30:00","27.62"
"29/09/2018 17:00:00","27.83"
"29/09/2018 16:30:00","25.97"
"29/09/2018 16:00:00","26.91"
"29/09/2018 15:30:00","25.48"
"29/09/2018 15:00:00","27.32"
"29/09/2018 14:30:00","26.13"
"29/09/2018 14:00:00","26.45"
"29/09/2018 13:30:00","26.02"
"29/09/2018 13:00:00","27.49"
"29/09/2018 12:30:00","28.3"
"29/09/2018 12:00:00","28.44"
"29/09/2018 11:30:00","25.51"
"29/09/2018 11:00:00","26.45"
"29/09/2018 10:30:00","28.26"
"29/09/2018 10:00:00","38.53"
"29/09/2018 09:30:00","37.36"
"29/09/2018 09:00:00","38.12"
"29/09/2018 08:30:00","37.66"
"29/09/2018 08:00:00","40.72"
"29/09/2018 07:30:00","44.56"
"29/09/2018 07:00:00","41.65"
"29/09/2018 06:30:00","46.8"
"29/09/2018 06:00:00","42.98"
"29/09/2018 05:30:00","40.38"
"29/09/2018 05:00:00","44.74"
"29/09/2018 04:30:00","42.91"
"29/09/2018 04:00:00","40.1"
"29/09/2018 03:30:00","37.31"
"29/09/2018 03:00:00","38.68"
"29/09/2018 02:30:00","26.57"
"29/09/2018 02:00:00","29.97"
"29/09/2018 01:30:00","30.35"
"29/09/2018 01:00:00","34.62"
"29/09/2018 00:30:00","48.35"
"29/09/2018 00:00:00","35.8"
"28/09/2018 23:30:00","39.54"
"28/09/2018 23:00:00","36.09"
"28/09/2018 22:30:00","36.02"
"28/09/2018 22:00:00","35.95"
"28/09/2018 21:30:00","34.76"
"28/09/2018 21:00:00","35.94"
"28/09/2018 20:30:00","34.43"
"28/09/2018 20:00:00","35.59"
"28/09/2018 19:30:00","31.09"
"28/09/2018 19:00:00","26.93"
"28/09/2018 18:30:00","25.66"
"28/09/2018 18:00:00","26.82"
"28/09/2018 17:30:00","26.81"
"28/09/2018 17:00:00","30.96"
"28/09/2018 16:30:00","31.08"
"28/09/2018 16:00:00","31.34"
"28/09/2018 15:30:00","27.33"
"28/09/2018 15:00:00","32.66"
"28/09/2018 14:30:00","32.62"
"28/09/2018 14:00:00","27.43"
"28/09/2018 13:30:00","26.97"
"28/09/2018 13:00:00","29.19"
"28/09/2018 12:30:00","29.47"
"28/09/2018 12:00:00","30.23"
"28/09/2018 11:30:00","30.02"
"28/09/2018 11:00:00","28.58"
"28/09/2018 10:30:00","34.47"
"28/09/2018 10:00:00","42.77"
"28/09/2018 09:30:00","43.01"
"28/09/2018 09:00:00","40.05"
"28/09/2018 08:30:00","39.06"
"28/09/2018 08:00:00","39.17"
"28/09/2018 07:30:00","38.88"
"28/09/2018 07:00:00","39.21"
"28/09/2018 06:30:00","39.06"
"28/09/2018 06:00:00","40.21"
"28/09/2018 05:30:00","38.71"
"28/09/2018 05:00:00","45.08"
"28/09/2018 04:30:00","42.07"
"28/09/2018 04:00:00","39.46"
"28/09/2018 03:30:00","42.79"
"28/09/2018 03:00:00","45.91"
"28/09/2018 02:30:00","30.46"
"28/09/2018 02:00:00","33.86"
"28/09/2018 01:30:00","31.43"
"28/09/2018 01:00:00","30.49"
"28/09/2018 00:30:00","45.72"
"28/09/2018 00:00:00","31.19"
"27/09/2018 23:30:00","34.22"
"27/09/2018 23:00:00","31.48"
"27/09/2018 22:30:00","34.05"
"27/09/2018 22:00:00","31.25"
"27/09/2018 21:30:00","33.2"
"27/09/2018 21:00:00","33.07"
"27/09/2018 20:30:00","33.56"
"27/09/2018 20:00:00","31.93"
"27/09/2018 19:30:00","32.17"
"27/09/2018 19:00:00","28.74"
"27/09/2018 18:30:00","28.64"
"27/09/2018 18:00:00","30.77"
"27/09/2018 17:30:00","28.68"
"27/09/2018 17:00:00","33.83"
"27/09/2018 16:30:00","33.75"
"27/09/2018 16:00:00","34.56"
"27/09/2018 15:30:00","32.4"
"27/09/2018 15:00:00","35.82"
"27/09/2018 14:30:00","33.48"
"27/09/2018 14:00:00","33.59"
"27/09/2018 13:30:00","37.31"
"27/09/2018 13:00:00","38.19"
"27/09/2018 12:30:00","35.91"
"27/09/2018 12:00:00","35.07"
"27/09/2018 11:30:00","30.22"
"27/09/2018 11:00:00","34.47"
"27/09/2018 10:30:00","42.5"
"27/09/2018 10:00:00","44.29"
"27/09/2018 09:30:00","44.64"
"27/09/2018 09:00:00","43.42"
"27/09/2018 08:30:00","43.79"
"27/09/2018 08:00:00","42.57"
"27/09/2018 07:30:00","42.73"
"27/09/2018 07:00:00","42.52"
"27/09/2018 06:30:00","41.84"
"27/09/2018 06:00:00","42.5"
"27/09/2018 05:30:00","39.97"
"27/09/2018 05:00:00","45"
"27/09/2018 04:30:00","42.6"
"27/09/2018 04:00:00","40.65"
"27/09/2018 03:30:00","39.55"
"27/09/2018 03:00:00","39.83"
"27/09/2018 02:30:00","30.55"
"27/09/2018 02:00:00","37.96"
"27/09/2018 01:30:00","32.96"
"27/09/2018 01:00:00","34.66"
"27/09/2018 00:30:00","50.54"
"27/09/2018 00:00:00","33.11"
"26/09/2018 23:30:00","33.6"
"26/09/2018 23:00:00","33.67"
"26/09/2018 22:30:00","32.45"
"26/09/2018 22:00:00","31.62"
"26/09/2018 21:30:00","30.3"
"26/09/2018 21:00:00","34.26"
"26/09/2018 20:30:00","33.15"
"26/09/2018 20:00:00","32.41"
"26/09/2018 19:30:00","34.41"
"26/09/2018 19:00:00","36.7"
"26/09/2018 18:30:00","36.05"
"26/09/2018 18:00:00","34.2"
"26/09/2018 17:30:00","34.94"
"26/09/2018 17:00:00","39.2"
"26/09/2018 16:30:00","38.71"
"26/09/2018 16:00:00","37.45"
"26/09/2018 15:30:00","33.37"
"26/09/2018 15:00:00","36.9"
"26/09/2018 14:30:00","35.52"
"26/09/2018 14:00:00","33.17"
"26/09/2018 13:30:00","33.54"
"26/09/2018 13:00:00","36.39"
"26/09/2018 12:30:00","37.94"
"26/09/2018 12:00:00","40.51"
"26/09/2018 11:30:00","31.63"
"26/09/2018 11:00:00","34.37"
"26/09/2018 10:30:00","41.15"
"26/09/2018 10:00:00","47.24"
"26/09/2018 09:30:00","45.34"
"26/09/2018 09:00:00","45.45"
"26/09/2018 08:30:00","44.03"
"26/09/2018 08:00:00","43.58"
"26/09/2018 07:30:00","43.91"
"26/09/2018 07:00:00","45.07"
"26/09/2018 06:30:00","40.27"
"26/09/2018 06:00:00","40.52"
"26/09/2018 05:30:00","39.38"
"26/09/2018 05:00:00","44.38"
"26/09/2018 04:30:00","44.09"
"26/09/2018 04:00:00","43.48"
"26/09/2018 03:30:00","44.53"
"26/09/2018 03:00:00","47.36"
"26/09/2018 02:30:00","37.53"
"26/09/2018 02:00:00","40.14"
"26/09/2018 01:30:00","37.45"
"26/09/2018 01:00:00","36.34"
"26/09/2018 00:30:00","50.92"
"26/09/2018 00:00:00","38.28"
"25/09/2018 23:30:00","33.81"
"25/09/2018 23:00:00","33.24"
"25/09/2018 22:30:00","36.32"
"25/09/2018 22:00:00","33.65"
"25/09/2018 21:30:00","32.36"
"25/09/2018 21:00:00","36.31"
"25/09/2018 20:30:00","34.82"
"25/09/2018 20:00:00","34.42"
"25/09/2018 19:30:00","33.96"
"25/09/2018 19:00:00","30.71"
"25/09/2018 18:30:00","27.72"
"25/09/2018 18:00:00","28.9"
"25/09/2018 17:30:00","28.47"
"25/09/2018 17:00:00","31.79"
"25/09/2018 16:30:00","33.07"
"25/09/2018 16:00:00","33.08"
"25/09/2018 15:30:00","28.09"
"25/09/2018 15:00:00","33.85"
"25/09/2018 14:30:00","37.54"
"25/09/2018 14:00:00","34.25"
"25/09/2018 13:30:00","36.91"
"25/09/2018 13:00:00","37.86"
"25/09/2018 12:30:00","37.79"
"25/09/2018 12:00:00","38.71"
"25/09/2018 11:30:00","36.04"
"25/09/2018 11:00:00","32.02"
"25/09/2018 10:30:00","44.23"
"25/09/2018 10:00:00","48.09"
"25/09/2018 09:30:00","44.36"
"25/09/2018 09:00:00","45.9"
"25/09/2018 08:30:00","46.68"
"25/09/2018 08:00:00","46.67"
"25/09/2018 07:30:00","45.96"
"25/09/2018 07:00:00","46.63"
"25/09/2018 06:30:00","42.14"
"25/09/2018 06:00:00","41.5"
"25/09/2018 05:30:00","40.74"
"25/09/2018 05:00:00","43.81"
"25/09/2018 04:30:00","41.52"
"25/09/2018 04:00:00","40.35"
"25/09/2018 03:30:00","40.55"
"25/09/2018 03:00:00","40.06"
"25/09/2018 02:30:00","31.71"
"25/09/2018 02:00:00","35.31"
"25/09/2018 01:30:00","32.23"
"25/09/2018 01:00:00","32.36"
"25/09/2018 00:30:00","45.62"
"25/09/2018 00:00:00","31.31"
"24/09/2018 23:30:00","33.62"
"24/09/2018 23:00:00","32.25"
"24/09/2018 22:30:00","33.3"
"24/09/2018 22:00:00","31.22"
"24/09/2018 21:30:00","30.88"
"24/09/2018 21:00:00","37.36"
"24/09/2018 20:30:00","34.05"
"24/09/2018 20:00:00","33.29"
"24/09/2018 19:30:00","31.87"
"24/09/2018 19:00:00","29.66"
"24/09/2018 18:30:00","29.6"
"24/09/2018 18:00:00","29.67"
"24/09/2018 17:30:00","30.9"
"24/09/2018 17:00:00","35.86"
"24/09/2018 16:30:00","37.63"
"24/09/2018 16:00:00","35.82"
"24/09/2018 15:30:00","33.49"
"24/09/2018 15:00:00","39.21"
"24/09/2018 14:30:00","36.49"
"24/09/2018 14:00:00","35.14"
"24/09/2018 13:30:00","34.05"
"24/09/2018 13:00:00","34.34"
"24/09/2018 12:30:00","34.04"
"24/09/2018 12:00:00","33.46"
"24/09/2018 11:30:00","32.43"
"24/09/2018 11:00:00","33.13"
"24/09/2018 10:30:00","44.7"
"24/09/2018 10:00:00","44.48"
"24/09/2018 09:30:00","47.37"
"24/09/2018 09:00:00","48.07"
"24/09/2018 08:30:00","48.6"
"24/09/2018 08:00:00","43.82"
"24/09/2018 07:30:00","42.23"
"24/09/2018 07:00:00","42.93"
"24/09/2018 06:30:00","39.78"
"24/09/2018 06:00:00","40.25"
"24/09/2018 05:30:00","38.62"
"24/09/2018 05:00:00","44.19"
"24/09/2018 04:30:00","39.99"
"24/09/2018 04:00:00","40.36"
"24/09/2018 03:30:00","39.83"
"24/09/2018 03:00:00","41.25"
"24/09/2018 02:30:00","29.56"
"24/09/2018 02:00:00","35.63"
"24/09/2018 01:30:00","31.8"
"24/09/2018 01:00:00","31.03"
"24/09/2018 00:30:00","45.4"
"24/09/2018 00:00:00","31.58"
